<code_scheme name="Default" version="173">
  <DBN-PSQL>
    <case-options enabled="true">
      <option name="KEYWORD_CASE" value="lower" />
      <option name="FUNCTION_CASE" value="lower" />
      <option name="PARAMETER_CASE" value="lower" />
      <option name="DATATYPE_CASE" value="lower" />
      <option name="OBJECT_CASE" value="preserve" />
    </case-options>
    <formatting-settings enabled="false" />
  </DBN-PSQL>
  <DBN-SQL>
    <case-options enabled="true">
      <option name="KEYWORD_CASE" value="lower" />
      <option name="FUNCTION_CASE" value="lower" />
      <option name="PARAMETER_CASE" value="lower" />
      <option name="DATATYPE_CASE" value="lower" />
      <option name="OBJECT_CASE" value="preserve" />
    </case-options>
    <formatting-settings enabled="false">
      <option name="STATEMENT_SPACING" value="one_line" />
      <option name="CLAUSE_CHOP_DOWN" value="chop_down_if_statement_long" />
      <option name="ITERATION_ELEMENTS_WRAPPING" value="chop_down_if_not_single" />
    </formatting-settings>
  </DBN-SQL>
  <JetCodeStyleSettings>
    <option name="CODE_STYLE_DEFAULTS" value="KOTLIN_OFFICIAL" />
  </JetCodeStyleSettings>
  <ScalaCodeStyleSettings>
    <option name="alwaysUsedImports">
      <array>
        <option value="CommonCodecs.*" />
        <option value="CommonTransformers.*" />
        <option value="DatabaseProductQueries.*" />
        <option value="Transformer._" />
        <option value="com.colisweb.binpacking.domain.Types.Packet" />
        <option value="com.colisweb.client.database.ClientMetas" />
        <option value="com.colisweb.client.database.ClientMetas.openingTypeMeta" />
        <option value="com.colisweb.coremodel.domain.Transformers.*" />
        <option value="com.colisweb.coremodel.domain.exports.CommonTransformers.*" />
        <option value="com.colisweb.coremodel.excel.CommonTransformers.*" />
        <option value="com.colisweb.malt.domain.routing.delivery.InvalidDeliveryError.CanceledDelivery" />
        <option value="com.colisweb.malt.domain.routing.delivery.InvalidDeliveryError.NoCostFound" />
        <option value="com.colisweb.malt.domain.routing.routePlan.ComputeEstimatedTimeOfArrivalInput" />
        <option value="com.colisweb.malt.infrastructure.clients.config.Transformers" />
        <option value="com.colisweb.malt.infrastructure.clients.config.Transformers._" />
        <option value="com.colisweb.malt.infrastructure.database.CommonMetas" />
        <option value="com.colisweb.malt.infrastructure.database.CommonMetas.*" />
        <option value="com.colisweb.malt.infrastructure.database.CommonMetas._" />
        <option value="com.colisweb.malt.infrastructure.database.cache.DistancesMeta._" />
        <option value="com.colisweb.malt.infrastructure.database.routing.ProjectMeta._" />
        <option value="com.colisweb.mario.serialization.SquantsCodecs._" />
        <option value="com.colisweb.order.database.DatabaseEncoders.*" />
        <option value="com.colisweb.order.serialization.HubCodecs.orderParcelUnitCodec" />
        <option value="com.colisweb.parcel.database.MetaInstances.*" />
        <option value="com.colisweb.provider.http.api.CommonSchemas.*" />
        <option value="doobie.implicits.*" />
        <option value="doobie.postgres.implicits._" />
        <option value="doobie.refined.implicits._" />
        <option value="eu.timepit.refined.auto._" />
        <option value="eu.timepit.refined.pureconfig._" />
        <option value="io.circe.generic.auto._" />
        <option value="io.circe.generic.extras.defaults._" />
        <option value="io.circe.refined._" />
        <option value="org.mockito.captor.ArgCaptor" />
        <option value="zio.interop.catz._" />
      </array>
    </option>
    <option name="forceScala2ImportSyntaxInSource3" value="true" />
    <option name="SCALAFMT_REFORMAT_ON_FILES_SAVE" value="true" />
    <option name="FORMATTER" value="1" />
    <option name="MULTILINE_STRING_CLOSING_QUOTES_ON_NEW_LINE" value="true" />
  </ScalaCodeStyleSettings>
  <codeStyleSettings language="kotlin">
    <option name="CODE_STYLE_DEFAULTS" value="KOTLIN_OFFICIAL" />
  </codeStyleSettings>
</code_scheme>