<application>
  <component name="FileTypeManager" version="19">
    <extensionMap>
      <mapping pattern=".env.*" type="Env File" />
      <mapping ext="env" type="Env File" />
      <mapping ext="ftlh" type="HTML" />
      <mapping ext="xlsx" type="Native" />
      <mapping ext="secret" type="PLAIN_TEXT" />
      <mapping ext="plantuml" type="PlantUML file" />
      <mapping ext="ddl" type="SQL" />
      <removed_mapping ext="apk" approved="true" type="ARCHIVE" />
      <removed_mapping ext="ddl" approved="true" type="DBN-SQL" />
      <removed_mapping ext="env" approved="true" type=".env file" />
      <removed_mapping ext="ftlh" approved="true" type="AUTO_DETECTED" />
      <removed_mapping ext="psd" approved="true" type="Image" />
      <removed_mapping ext="rs" approved="true" type="Android RenderScript" />
      <removed_mapping ext="sql" approved="true" type="DBN-SQL" />
      <removed_mapping pattern=".env" approved="true" type="Env File" />
      <removed_mapping pattern=".env.*" approved="true" type=".env file" />
      <removed_mapping pattern=".ftlh" approved="true" type="HTML" />
      <mapping ext="ddl" type="SQL" />
      <mapping ext="sql" type="SQL" />
      <mapping pattern="tfplan" type="Terraform" />
    </extensionMap>
  </component>
</application>