<application>
  <component name="FindSettings">
    <option name="caseSensitive" value="true" />
    <option name="customScope" value="Project Files" />
    <option name="defaultScopeName" value="Project Files" />
    <option name="CASE_SENSITIVE_SEARCH" value="true" />
    <option name="SEARCH_SCOPE" value="Project Files" />
    <option name="FILE_MASK" value="*.scala" />
    <mask>*.css</mask>
    <mask>*.html</mask>
    <mask>*.xml</mask>
    <mask>*.jsp</mask>
    <mask>*.properties</mask>
    <mask>*.java</mask>
    <mask>*.sbt</mask>
    <mask>*.conf</mask>
    <mask>*.scala, *.sbt</mask>
    <mask>*.conf, *.yaml</mask>
    <mask>*.json</mask>
    <mask>*.scalaa</mask>
    <mask>*.sql</mask>
    <mask>*.scala</mask>
  </component>
</application>