<application>
  <component name="GeneralSettings">
    <option name="showTipsOnStartup" value="false" />
    <option name="confirmExit" value="false" />
    <option name="confirmOpenNewProject2" value="0" />
    <option name="processCloseConfirmation" value="TERMINATE" />
  </component>
  <component name="Registry">
    <entry key="ide.experimental.ui" value="true" source="SYSTEM" />
    <entry key="scala.erase.compiler.process.jdk.once" value="false" source="SYSTEM" />
    <entry key="debugger.new.tool.window.layout" value="true" source="SYSTEM" />
  </component>
  <component name="StatusBar">
    <option name="widgets">
      <map>
        <entry key="BSP Manager" value="false" />
        <entry key="CodeStyleStatusBarWidget" value="false" />
        <entry key="CwmWireStatsWidgetFactory" value="false" />
        <entry key="Encoding" value="false" />
        <entry key="FlowJSInfo" value="false" />
        <entry key="IdeaVim-Icon" value="false" />
        <entry key="IdeaVimMacro" value="false" />
        <entry key="LineSeparator" value="false" />
        <entry key="ReadOnlyAttribute" value="false" />
        <entry key="TypeScriptInfo" value="false" />
        <entry key="mtProjectFactory" value="false" />
        <entry key="mtThemeFactory" value="false" />
      </map>
    </option>
  </component>
</application>