<application>
  <component name="LafManager" autodetect="true">
    <laf themeId="932c8cd1-2bb2-477e-a44c-b4f2abca351e" />
    <preferred-light-laf themeId="932c8cd1-2bb2-477e-a44c-b4f2abca351e" />
    <preferred-dark-laf themeId="23ee4207-419c-4a1a-beea-a12d80398d04" />
    <preferred-dark-editor-scheme editorSchemeId="Rose-pine-moon-color-theme" />
    <preferred-light-editor-scheme editorSchemeId="Rose-pine-dawn-color-theme" />
    <lafs-to-previous-schemes>
      <laf-to-scheme laf="1c3c4148-e525-4b16-bd57-e2617024172b" scheme="Kant Dark" />
      <laf-to-scheme laf="23ee4207-419c-4a1a-beea-a12d80398d04" scheme="Kant Dark" />
      <laf-to-scheme laf="932c8cd1-2bb2-477e-a44c-b4f2abca351e" scheme="Kant Light custom" />
      <laf-to-scheme laf="GITHUB_DARK" scheme="Kant Dark" />
      <laf-to-scheme laf="SOLARIZED_DARK" scheme="Solarized Dark (Material) copy1" />
      <laf-to-scheme laf="SOLARIZED_LIGHT" scheme="Solarized Light (Material) copy1" />
    </lafs-to-previous-schemes>
  </component>
</application>