<application>
  <component name="ApplicationCodeStyleSettingsMigration">
    <option name="version" value="2" />
  </component>
  <component name="ScalaApplicationSettings">
    <option name="INTRODUCE_VARIABLE_EXPLICIT_TYPE" value="false" />
    <option name="SPECIFY_RETURN_TYPE_EXPLICITLY" value="ADD" />
    <option name="SUGGEST_AUTOBRACE_INSERTION" value="false" />
    <option name="XRAY_SHOW_METHOD_SEPARATORS" value="true" />
    <option name="SUGGEST_XRAY_MODE" value="false" />
  </component>
</application>