<application>
  <component name="CachedDictionaryState">
    <words>
      <w>approver</w>
      <w>casto</w>
      <w>colisweb</w>
      <w>criterias</w>
      <w>desynchronization</w>
      <w>dropoff</w>
      <w>existings</w>
      <w>foos</w>
      <w>htmx</w>
      <w>ilike</w>
      <w>kilometric</w>
      <w>nationale</w>
      <w>oups</w>
      <w>transshipments</w>
      <w>unretryable</w>
      <w>usecase</w>
      <w>valids</w>
      <w>woop</w>
    </words>
  </component>
</application>