<application>
  <component name="BlockTerminalOptions">
    <option name="promptStyle" value="SHELL" />
  </component>
  <component name="BlockTerminalUsage">
    <option name="blockTerminalUsedLastVersion" value="242.20224.387" />
    <option name="feedbackNotificationShown" value="true" />
    <shellToExecutedCommandsNumber>
      <entry key="zsh" value="88" />
    </shellToExecutedCommandsNumber>
  </component>
  <component name="ReworkedTerminalUsage"><![CDATA[{}]]></component>
  <component name="TerminalOptionsProvider">
    <option name="mySoundBell" value="false" />
    <option name="useOptionAsMetaKey" value="true" />
  </component>
</application>