<application>
  <component name="Trusted.Paths">
    <option name="TRUSTED_PROJECT_PATHS">
      <map>
        <entry key="$USER_HOME$/.sbt/1.0" value="true" />
        <entry key="$USER_HOME$/focusbox/colisweb/account" value="true" />
        <entry key="$USER_HOME$/focusbox/colisweb/authent" value="true" />
        <entry key="$USER_HOME$/focusbox/colisweb/billing" value="true" />
        <entry key="$USER_HOME$/focusbox/colisweb/client" value="true" />
        <entry key="$USER_HOME$/focusbox/colisweb/client-api-generator" value="true" />
        <entry key="$USER_HOME$/focusbox/colisweb/config" value="true" />
        <entry key="$USER_HOME$/focusbox/colisweb/crm" value="true" />
        <entry key="$USER_HOME$/focusbox/colisweb/decathlon" value="true" />
        <entry key="$USER_HOME$/focusbox/colisweb/decision-dsl" value="true" />
        <entry key="$USER_HOME$/focusbox/colisweb/event-tracker" value="true" />
        <entry key="$USER_HOME$/focusbox/colisweb/geo" value="true" />
        <entry key="$USER_HOME$/focusbox/colisweb/ikea" value="true" />
        <entry key="$USER_HOME$/focusbox/colisweb/invoice-excel-builder" value="true" />
        <entry key="$USER_HOME$/focusbox/colisweb/malt" value="true" />
        <entry key="$USER_HOME$/focusbox/colisweb/mario" value="true" />
        <entry key="$USER_HOME$/focusbox/colisweb/notification" value="true" />
        <entry key="$USER_HOME$/focusbox/colisweb/order" value="true" />
        <entry key="$USER_HOME$/focusbox/colisweb/packing" value="true" />
        <entry key="$USER_HOME$/focusbox/colisweb/parcel" value="true" />
        <entry key="$USER_HOME$/focusbox/colisweb/pdt-client" value="true" />
        <entry key="$USER_HOME$/focusbox/colisweb/poc-structurizr" value="true" />
        <entry key="$USER_HOME$/focusbox/colisweb/provider" value="true" />
        <entry key="$USER_HOME$/focusbox/colisweb/proximis" value="true" />
        <entry key="$USER_HOME$/focusbox/colisweb/pure-malt" value="true" />
        <entry key="$USER_HOME$/focusbox/colisweb/talking" value="true" />
        <entry key="$USER_HOME$/focusbox/colisweb/toutatis-infrastructure" value="true" />
        <entry key="$USER_HOME$/focusbox/colisweb/visibility-coremodel" value="true" />
        <entry key="$USER_HOME$/focusbox/colisweb/woops" value="true" />
        <entry key="$USER_HOME$/focusbox/colisweb/zio" value="true" />
        <entry key="$USER_HOME$/focusbox/perso/dev/Spring-Boot-and-HTMX" value="true" />
        <entry key="$USER_HOME$/focusbox/perso/dev/banking-kata-java" value="true" />
        <entry key="$USER_HOME$/focusbox/perso/dev/blog-example-code/todomvc-htmx" value="true" />
        <entry key="$USER_HOME$/focusbox/perso/dev/cook-app" value="true" />
        <entry key="$USER_HOME$/focusbox/perso/dev/cook-app-mvn" value="true" />
        <entry key="$USER_HOME$/focusbox/perso/dev/cook-app-scala-htmx-zio" value="true" />
        <entry key="$USER_HOME$/focusbox/perso/dev/cook-app-thymeleaf-htmx" value="true" />
        <entry key="$USER_HOME$/focusbox/perso/dev/cookapp" value="true" />
        <entry key="$USER_HOME$/focusbox/perso/dev/cursive-sandbox" value="true" />
        <entry key="$USER_HOME$/focusbox/perso/dev/demo" value="true" />
        <entry key="$USER_HOME$/focusbox/perso/dev/demo2" value="true" />
        <entry key="$USER_HOME$/focusbox/perso/dev/freemaker" value="true" />
        <entry key="$USER_HOME$/focusbox/perso/dev/kt-sandbox/cookapp" value="true" />
        <entry key="$USER_HOME$/focusbox/perso/dev/nest.js/booking-cqrs" value="true" />
        <entry key="$USER_HOME$/focusbox/perso/dev/recipes" value="true" />
        <entry key="$USER_HOME$/focusbox/perso/dev/scalatags-htmx-demo" value="true" />
        <entry key="$USER_HOME$/focusbox/perso/dev/sonos-vox" value="true" />
      </map>
    </option>
  </component>
  <component name="Trusted.Paths.Settings">
    <option name="TRUSTED_PATHS">
      <list>
        <option value="$USER_HOME$/focusbox/colisweb" />
        <option value="$USER_HOME$/focusbox/perso/dev" />
      </list>
    </option>
  </component>
</application>