<application>
  <component name="DependencyUISettings">
    <option name="SCOPE_TYPE" value="file" />
  </component>
  <component name="UISettings">
    <option name="DIFFERENTIATE_PROJECTS" value="false" />
    <option name="EDITOR_TAB_PLACEMENT" value="0" />
    <option name="HIDE_TOOL_STRIPES" value="true" />
    <option name="MAX_LOOKUP_WIDTH2" value="991" />
    <option name="NAVIGATION_BAR_LOCATION" value="TOP" />
    <option name="OPEN_IN_PREVIEW_TAB_IF_POSSIBLE" value="true" />
    <option name="PRESENTATION_MODE_FONT_SIZE" value="26" />
    <option name="SHOW_NAVIGATION_BAR_MEMBERS" value="false" />
    <option name="SHOW_NEW_MAIN_TOOLBAR" value="false" />
    <option name="UI_DENSITY" value="COMPACT" />
  </component>
</application>