<application>
  <component name="DimensionService">
    <location key="find.popup.0.0.2560.1440@120dpi" x="262" y="149" />
    <location key="find.popup.0.0.3456.2234@240dpi" x="934" y="150" />
    <location key="find.popup.5120.370.3456.2234@240dpi" x="5466" y="634" />
    <location key="find.popup.0.0.3440.1440@120dpi" x="1221" y="73" />
    <size key="GridCell.Tab.0.left.0.0.2560.1440@120dpi" width="2540" height="405" />
    <size key="GridCell.Tab.0.center.0.0.2560.1440@120dpi" width="2540" height="405" />
    <size key="GridCell.Tab.0.right.0.0.2560.1440@120dpi" width="2540" height="405" />
    <size key="GridCell.Tab.0.bottom.0.0.2560.1440@120dpi" width="2540" height="405" />
    <size key="find.popup.0.0.2560.1440@120dpi" width="2298" height="1171" />
    <size key="GridCell.Tab.0.left.0.0.3456.2234@240dpi" width="1464" height="1770" />
    <size key="GridCell.Tab.0.center.0.0.3456.2234@240dpi" width="1464" height="1770" />
    <size key="GridCell.Tab.0.right.0.0.3456.2234@240dpi" width="1464" height="1770" />
    <size key="GridCell.Tab.0.bottom.0.0.3456.2234@240dpi" width="1464" height="1770" />
    <size key="find.popup.0.0.3456.2234@240dpi" width="2522" height="1942" />
    <size key="GridCell.Tab.0.left.5120.370.3456.2234@240dpi" width="3416" height="706" />
    <size key="GridCell.Tab.0.center.5120.370.3456.2234@240dpi" width="3416" height="706" />
    <size key="GridCell.Tab.0.right.5120.370.3456.2234@240dpi" width="3416" height="706" />
    <size key="GridCell.Tab.0.bottom.5120.370.3456.2234@240dpi" width="3416" height="706" />
    <size key="find.popup.5120.370.3456.2234@240dpi" width="3104" height="1786" />
    <size key="GridCell.Tab.1.left.0.0.2560.1440@120dpi" width="2540" height="476" />
    <size key="GridCell.Tab.1.center.0.0.2560.1440@120dpi" width="2540" height="476" />
    <size key="GridCell.Tab.1.right.0.0.2560.1440@120dpi" width="2540" height="476" />
    <size key="GridCell.Tab.1.bottom.0.0.2560.1440@120dpi" width="2540" height="476" />
    <size key="GridCell.Tab.0.left.0.0.3440.1440@120dpi" width="732" height="885" />
    <size key="GridCell.Tab.0.center.0.0.3440.1440@120dpi" width="732" height="885" />
    <size key="GridCell.Tab.0.right.0.0.3440.1440@120dpi" width="732" height="885" />
    <size key="GridCell.Tab.0.bottom.0.0.3440.1440@120dpi" width="732" height="885" />
    <size key="find.popup.0.0.3440.1440@120dpi" width="1138" height="600" />
    <size key="GridCell.Tab.1.left.0.0.3440.1440@120dpi" width="3424" height="1104" />
    <size key="GridCell.Tab.1.center.0.0.3440.1440@120dpi" width="3424" height="1104" />
    <size key="GridCell.Tab.1.right.0.0.3440.1440@120dpi" width="3424" height="1104" />
    <size key="GridCell.Tab.1.bottom.0.0.3440.1440@120dpi" width="3424" height="1104" />
    <size key="GridCell.Tab.1.left.0.0.3456.2234@240dpi" width="6848" height="1360" />
    <size key="GridCell.Tab.1.center.0.0.3456.2234@240dpi" width="6848" height="1360" />
    <size key="GridCell.Tab.1.right.0.0.3456.2234@240dpi" width="6848" height="1360" />
    <size key="GridCell.Tab.1.bottom.0.0.3456.2234@240dpi" width="6848" height="1360" />
  </component>
  <component name="WindowManager">
    <frame x="0" y="25" width="3440" height="1415" extendedState="6" />
  </component>
  <component name="WindowStateApplicationService">
    <state width="1172" height="146" key="ShowUsagesActions.dimensionServiceKey" timestamp="1756298313788">
      <screen x="0" y="25" width="3440" height="1415" />
    </state>
    <state width="1172" height="146" key="ShowUsagesActions.dimensionServiceKey/0.25.3440.1415" timestamp="1756298313788" />
    <state width="1725" height="118" key="ShowUsagesActions.dimensionServiceKey/0.38.1728.1079" timestamp="1756211579916" />
  </component>
</application>